{"name":"2f3cc158-24dc-43d6-ab4c-59f3cc17bbd5","id":"/providers/Microsoft.Flow/flows/2f3cc158-24dc-43d6-ab4c-59f3cc17bbd5","type":"Microsoft.Flow/flows","properties":{"apiId":"/providers/Microsoft.PowerApps/apis/shared_logicflows","displayName":"EmailClassification","definition":{"metadata":{"workflowEntityId":null,"processAdvisorMetadata":null,"flowChargedByPaygo":null,"flowclientsuspensionreason":"AllActionsFailingDetected","flowclientsuspensionreasondetails":null,"flowclientsuspensiontime":"2023-09-28T01:46:11.5577405Z","creator":{"id":"2b7a4304-69a6-47e5-b00b-1004324f1694","type":"User","tenantId":"bc85b508-0107-4472-a49c-fc8cefd4f0d7"},"provisioningMethod":"FromDefinition","failureAlertSubscription":true,"clientLastModifiedTime":"2023-09-28T01:46:11.5577405Z"},"$schema":"https://schema.management.azure.com/providers/Microsoft.Logic/schemas/2016-06-01/workflowdefinition.json#","contentVersion":"1.0.0.0","parameters":{"$connections":{"defaultValue":{},"type":"Object"},"$authentication":{"defaultValue":{},"type":"SecureObject"}},"triggers":{"When_a_new_email_arrives_(V3)":{"splitOn":"@triggerOutputs()?['body/value']","metadata":{"operationMetadataId":"c5845a74-516f-4f62-8922-101997a107df"},"type":"OpenApiConnectionNotification","inputs":{"host":{"apiId":"/providers/Microsoft.PowerApps/apis/shared_office365","connectionName":"shared_office365","operationId":"OnNewEmailV3"},"parameters":{"folderPath":"Inbox","to":"Spark.Bits@ravenai.org","includeAttachments":false,"importance":"Any","fetchOnlyWithAttachment":false},"authentication":"@parameters('$authentication')"}}},"actions":{"Create_text_with_GPT":{"runAfter":{},"metadata":{"operationMetadataId":"72f9a4bd-ea98-41a1-b057-b2a9c643ae57","flowSystemMetadata":{"portalOperationId":"aibuilderpredict_gptpromptengineering","portalOperationGroup":"aibuilder","portalOperationApiDisplayNameOverride":"AI Builder","portalOperationIconOverride":"https://content.powerapps.com/resource/makerx/static/pauto/images/designeroperations/aiBuilderNew.51dbdb6b.png","portalOperationBrandColorOverride":"#0A76C4","portalOperationApiTierOverride":"Standard"}},"type":"OpenApiConnection","inputs":{"host":{"apiId":"/providers/Microsoft.PowerApps/apis/shared_commondataserviceforapps","connectionName":"shared_commondataserviceforapps","operationId":"aibuilderpredict_gptpromptengineering"},"parameters":{"item/requestv2/prompt":"You are a customer service representative for a goods and services company. Your task is to classify incoming emails into three categories: Archive, Actions, and Urgent. The classification should be based on the content and tone of the email. Please only label the email with Archive, Actions or Urgent with no other words. No explanation required. \n\nHere are the definitions for each category:\n\nArchive: This category is used for emails that require no follow-up. These emails do not require any action from the customer service team and can be safely filed away for future reference.\n\nActions: This category is used for emails where the customer is asking questions or seeking help. These emails require a response or some form of follow-up from the customer service team. It could be a request for assistance, clarification, or additional information.\n\nUrgent: This category is used for emails where the tone indicates a sense of urgency or when the customer is expressing a complaint. These emails require immediate attention and a prompt response from the customer service team. Urgent emails may involve critical issues, time-sensitive matters, or instances where the customer is dissatisfied with the goods or services provided.\n\nPlease see the few shot exampls below to help you to better understand how to catogorize the emails. \n\nEmail 1 - Archive:\nSubject: Great Experience with Your Product!\n\nHi there,\n\nI wanted to reach out and let you know how satisfied I am with your product. It has exceeded my expectations in terms of quality and performance. I will definitely recommend it to my friends and colleagues. Keep up the excellent work!\n\nBest regards,\n[Customer's Name]\n\nEmail 2 - Actions:\nSubject: Need assistance with product troubleshooting\n\nHello,\n\nI recently purchased one of your products, and I'm having trouble with its setup and troubleshooting. I followed the user manual, but I still can't get it to work properly. Could you please provide me with some guidance on resolving this issue? I would greatly appreciate your help.\n\nThank you,\n[Customer's Name]\n\nEmail 3 - Urgent:\nSubject: Urgent - Product Defect affecting my business operations\n\nDear Support Team,\n\nI am writing to you with utmost urgency regarding a critical issue I'm facing with one of your products. It has suddenly stopped working, and this is affecting my business operations severely. I cannot afford any further delays or downtime. Please prioritize my request for technical support and provide immediate assistance. My business depends on it.\n\nSincerely,\n[Customer's Name]\n\nEmail 4 - Urgent:\nSubject: Disappointed with your services\n\nTo whom it may concern,\n\nI am writing to express my deep disappointment and frustration with the services provided by your company. I have encountered multiple issues, including delays, incorrect billing, and poor customer support. This level of service is unacceptable, and I expect a prompt resolution to these problems. I hope you take this complaint seriously and take immediate steps to rectify the situation.\n\nRegards,\n[Customer's Name]\n\nBased on the content and tone of each email, they can be classified as follows:\n\nEmail 1: Archive\nEmail 2: Actions\nEmail 3: Urgent\nEmail 4: Urgent\n\nAbove is the instructions and examples. \nBelow is the real incoming email you need to classify.\nPlease only classify with Archive, Action or Urgent with no other words.\n\nBeginning of the email:\n@{triggerOutputs()?['body/body']}\nEnd of the email:","recordId":"a1afa5d4-7a44-4c31-9cd2-e852a78431fa","item/requestv2/parameters":"{}"},"authentication":"@parameters('$authentication')"}},"Initialize_variable":{"runAfter":{"Create_text_with_GPT":["Succeeded"]},"metadata":{"operationMetadataId":"bf0468c3-ac9b-4376-8882-5914524da022"},"type":"InitializeVariable","inputs":{"variables":[{"name":"Label","type":"string","value":"@outputs('Create_text_with_GPT')?['body/responsev2/predictionOutput/text']"}]}},"Switch":{"runAfter":{"Initialize_variable":["Succeeded"]},"cases":{"Case":{"case":"Urgent","actions":{"Post_message_in_a_chat_or_channel":{"runAfter":{},"metadata":{"operationMetadataId":"1e036e9a-8955-4e03-97c4-c8de3bd3ac47"},"type":"OpenApiConnection","inputs":{"host":{"apiId":"/providers/Microsoft.PowerApps/apis/shared_teams","connectionName":"shared_teams","operationId":"PostMessageToConversation"},"parameters":{"poster":"Flow bot","location":"Channel","body/recipient/groupId":"235450e0-9975-4f13-8219-9517ff7c7bf5","body/recipient/channelId":"19:66cc50ce5f5849698b786081877db793@thread.tacv2","body/messageBody":"<p>Attention Please<br>\n@{triggerOutputs()?['body/subject']}<br>\n@{triggerOutputs()?['body/bodyPreview']}</p>"},"authentication":"@parameters('$authentication')"}},"Move_email_(V2)_2":{"runAfter":{"Post_message_in_a_chat_or_channel":["Succeeded"]},"metadata":{"Id::AAMkADg2NWIwZTEwLWIxNDAtNDQxNS1iNWE5LWU3MjJkMzE1NDczMAAuAAAAAAANhLJPFsJ_SZpc4zVdyXEOAQAdYj5V3yRzQaIFbfEikaX-AALFqWGNAAA=":"Urgent","operationMetadataId":"d34b9e1e-34a3-4e1c-b46a-31d4463dfe44"},"type":"OpenApiConnection","inputs":{"host":{"apiId":"/providers/Microsoft.PowerApps/apis/shared_office365","connectionName":"shared_office365","operationId":"MoveV2"},"parameters":{"messageId":"@triggerOutputs()?['body/id']","folderPath":"Id::AAMkADg2NWIwZTEwLWIxNDAtNDQxNS1iNWE5LWU3MjJkMzE1NDczMAAuAAAAAAANhLJPFsJ_SZpc4zVdyXEOAQAdYj5V3yRzQaIFbfEikaX-AALFqWGNAAA="},"authentication":"@parameters('$authentication')"}}}},"Case_2":{"case":"Actions","actions":{"Move_email_(V2)":{"runAfter":{},"metadata":{"Id::AAMkADg2NWIwZTEwLWIxNDAtNDQxNS1iNWE5LWU3MjJkMzE1NDczMAAuAAAAAAANhLJPFsJ_SZpc4zVdyXEOAQAdYj5V3yRzQaIFbfEikaX-AALFqWGHAAA=":"Action","operationMetadataId":"35ae52e4-a35f-4cae-a6e7-31ab3268d758"},"type":"OpenApiConnection","inputs":{"host":{"apiId":"/providers/Microsoft.PowerApps/apis/shared_office365","connectionName":"shared_office365","operationId":"MoveV2"},"parameters":{"messageId":"@triggerOutputs()?['body/id']","folderPath":"Id::AAMkADg2NWIwZTEwLWIxNDAtNDQxNS1iNWE5LWU3MjJkMzE1NDczMAAuAAAAAAANhLJPFsJ_SZpc4zVdyXEOAQAdYj5V3yRzQaIFbfEikaX-AALFqWGHAAA="},"authentication":"@parameters('$authentication')"}}}},"Case_3":{"case":"Archive","actions":{"Move_email_(V2)_3":{"runAfter":{},"metadata":{"Id::AAMkADg2NWIwZTEwLWIxNDAtNDQxNS1iNWE5LWU3MjJkMzE1NDczMAAuAAAAAAANhLJPFsJ_SZpc4zVdyXEOAQAdYj5V3yRzQaIFbfEikaX-AALFqWGGAAA=":"Achived","operationMetadataId":"decbcce7-886d-42a1-b2a8-0ed08f8c0ad1"},"type":"OpenApiConnection","inputs":{"host":{"apiId":"/providers/Microsoft.PowerApps/apis/shared_office365","connectionName":"shared_office365","operationId":"MoveV2"},"parameters":{"messageId":"@triggerOutputs()?['body/id']","folderPath":"Id::AAMkADg2NWIwZTEwLWIxNDAtNDQxNS1iNWE5LWU3MjJkMzE1NDczMAAuAAAAAAANhLJPFsJ_SZpc4zVdyXEOAQAdYj5V3yRzQaIFbfEikaX-AALFqWGGAAA="},"authentication":"@parameters('$authentication')"}}}}},"default":{"actions":{}},"expression":"@variables('Label')","metadata":{"operationMetadataId":"dd180b5b-34ae-4bcf-8fb5-b3196f47bba7"},"type":"Switch"}}},"connectionReferences":{"shared_commondataserviceforapps":{"connectionName":"shared-commondataser-0d9e9d0f-edac-45e0-8e81-6ca4fe6ffa01","source":"Embedded","id":"/providers/Microsoft.PowerApps/apis/shared_commondataserviceforapps","tier":"NotSpecified"},"shared_teams":{"connectionName":"shared-teams-73e9d276-1aae-435a-8b10-c68bc0bf6231","source":"Embedded","id":"/providers/Microsoft.PowerApps/apis/shared_teams","tier":"NotSpecified"},"shared_office365":{"connectionName":"shared-office365-5beabf56-9327-475f-9adc-fc41e28484ed","source":"Embedded","id":"/providers/Microsoft.PowerApps/apis/shared_office365","tier":"NotSpecified"}},"flowFailureAlertSubscribed":false,"isManaged":false}}